col1,col2,col3
-1.2649110640673518,-1.2649110640673518,7
-0.6324555320336759,-0.6324555320336759,8
0.0,0.0,9
0.6324555320336759,0.6324555320336759,10
1.2649110640673518,1.2649110640673518,11
